代號,名稱,成交,25M03單月營收(億),25M04單月營收(億),25M05單月營收(億),25M06單月營收(億),25M07單月營收(億),25M08單月營收(億),25M09單月營收(億),25M10單月營收(億),25M11單月營收(億),25M12單月營收(億),26M01單月營收(億),26M02單月營收(億),26M02單月營收月增(%),26M02單月營收年增(%),最新單季毛利率(%),最新單季毛利率季增數,最新單季營益率(%),最新單季營益率季增數,25Q1單季每股盈餘(元),25Q2單季每股盈餘(元),25Q3單季每股盈餘(元),25Q4單季每股盈餘(元),最新累季每股盈餘(元),最新單季業外損益佔稅前淨利(%),盈餘總分配率,2026合計股利,近5年平均年均PER,24Q1單季營收(億),24Q2單季營收(億),24Q3單季營收(億),24Q4單季營收(億),25Q1單季營收(億),25Q2單季營收(億),25Q3單季營收(億),25Q4單季營收(億),最新季度流動合約負債(億),最新季度流動合約負債季增(%)
1319,東陽,98,25.5,23.4,18,17.5,16.6,18.1,19.3,22,22.2,20.9,21.5,,,,28,-5.03,11.5,-6.09,2.48,0.77,1.11,,4.36,25.7,71.6,,18.8,61.7,61.9,63.2,69.2,72.9,58.9,54,,,
1464,得力,10.95,12.2,10.6,9.48,8.16,9.31,9.84,11.3,11.1,9.34,11.2,10.6,,,,16,-3.77,-0.46,-4.5,0.3,-0.42,0.14,,0.03,128,90.4,,35.8,25.9,27.8,32.3,34.1,34.6,28.2,30.5,,,
1517,利奇,12.05,2.08,2.05,1.44,1.58,1.44,1.45,1.79,1.55,1.57,1.84,1.81,,,,-3.5,-6.72,-24.2,-8.41,0.05,-0.6,-0.11,,-0.66,-491,-47.6,,22.4,3.74,5.11,5.74,5.74,5.52,5.08,4.66,,0.13,-30.5
1522,堤維西,43.55,17,14.4,15.1,13.7,22.3,22.3,24.4,27.8,27.2,28,23.1,,,,25.8,6.16,8.16,6.68,1.39,-1.29,1.07,,1.17,-21.9,63,,15.1,51.2,51.9,47.9,50.3,49.1,43.2,69,,,
1524,耿鼎,29.95,2.88,2.16,1.58,1.61,2.04,2.2,2.12,2.24,2.12,2.72,2.12,,,,21.7,-2.22,10,-0.65,0.98,-0.16,0.46,,1.28,31.6,63.7,,14.5,7.22,6.4,7.35,9.19,7.52,5.35,6.35,,,
1526,日馳,19.6,0.71,0.67,0.61,0.8,0.71,0.59,0.72,0.48,0.53,0.59,0.55,,,,7.86,-11.6,-18.5,-13.7,0.4,-0.52,0.08,,-0.04,677,0,,13.5,1.72,2.12,1.6,1.77,2.01,2.08,2.02,,0.39,-42.8
1537,廣隆,125,5.99,6.32,5.31,5,5.66,5.46,4.93,5.14,5.43,5.57,6.19,,,,18.9,-2.67,10.7,-3.22,2.46,1.24,2.06,,5.76,24.8,89.4,,14.5,17.4,21.1,22,20.8,17.5,16.6,16,,,
1580,新麥,131,4.14,4.65,4.03,3.82,4.27,4.16,4.67,4.11,4.01,4.23,4.3,,,,40.9,-0.45,18.2,-1.12,2.7,2.99,3.68,,9.37,9.3,67.4,,12.5,9.43,12.3,12.4,13.8,10.9,12.5,13.1,,1.82,12.7
1582,信錦,75.2,7.42,7.8,6.84,6.9,7.09,7.13,7.45,7.02,7.24,6.89,8.23,,,,23.3,-0.06,7.95,-1.05,1.05,0.84,1.09,,2.98,28,77.1,,15.3,21.5,25.3,24.7,22.6,22.4,21.5,21.7,,,
1597,直得,81.2,0.87,0.9,0.91,0.91,0.92,0.92,0.96,1.04,1.1,1.2,1.08,,,,38.8,-0.54,9.16,1.66,0.16,0.01,0.34,0.41,0.91,30.4,76.9,0.7,38.4,2.54,2.5,2.8,2.52,2.53,2.72,2.8,3.34,0.02,-38.3
1612,宏泰,36,6.74,6.63,7.66,8.08,6.95,5.72,6.07,5.06,6.4,5.03,7.3,,,,13.4,-0.99,9.54,-1.86,0.6,0.89,0.7,,2.19,30.6,88.2,,8.78,14.6,18.3,15.4,17.6,17.9,22.4,18.7,,2.04,0.03
1616,億泰,28.9,4.3,4.05,5.02,4.33,5.12,4.76,5.28,4.12,4.2,3.2,5.77,,,,15.8,1.03,12.6,4.01,0.6,1.05,0.57,,2.22,-32.3,88.4,,20.3,10.1,11.3,12,12.5,12,13.4,15.2,,1.39,3.04
1707,葡萄王,123,9.22,8.58,8.27,8.84,7.55,8.84,7.89,10.8,10.9,8.29,7.95,,,,73.6,-2.82,22.3,3.72,1.4,1.82,2,,5.22,6.17,68.3,2.2,16.1,23.5,27.6,29,31.5,22.5,25.7,24.3,,1.37,0.24
1785,光洋科,62.6,30.5,37.5,30.7,27,35.9,34.5,33.9,33.5,38.2,41.9,46.6,,,,13.5,1.24,9.19,-1.39,0.6,-0.5,1.17,,1.27,-11.9,62.3,,21.4,63.1,76,76.2,82.4,82.4,95.2,104,,3.29,16.1
1802,台玻,67.2,35.6,36.9,33.3,33.1,35.7,34.6,37,35.6,36.1,37.4,36.7,,,,11.7,1.66,1.38,2.65,-0.13,-0.3,0.1,,-0.33,51.9,0,,27.3,98.7,110,101,116,96.5,103,107,,13.9,16.9
2106,建大,20,32.2,31,31,27.9,25.2,26.8,29.6,27.8,26.6,25.5,28.6,,,,19.8,1.72,1.9,0.01,0.07,-0.09,0.08,,0.06,-5.69,84.6,,32.7,82.7,91.2,88.2,80,88.1,89.6,81.8,,2.33,6.79
2201,裕隆,30.3,64,56,59,64.4,61.9,59.3,58.5,64,62.3,64.7,58.1,,,,31.8,-1.2,8.12,-0.46,0.42,0.11,0.24,,0.77,-9.97,34.4,,23.8,207,230,213,208,176,180,183,,,
2228,劍麟,95.3,4.55,4.42,3.94,4,4.35,3.96,4.16,4.13,3.82,3.94,4.21,,,,24.1,0.59,8.9,-1.02,1.84,1.09,1.12,,4.06,16.2,,4.5,16.2,12.4,12,13.6,12.4,12.8,12.3,12.5,,0,-48.3
2312,金寶,25.05,136,126,134,112,107,110,196,156,136,135,131,,,,7.04,0.54,2.82,-0.07,0.35,0.2,0.3,,0.85,-47.3,54,,34.5,329,401,460,454,419,374,413,,6.14,-36.1
2313,華通,224.5,62.5,65,59.8,57.2,60,65.6,74.9,70.4,67.5,72.3,74,,,,20,1.71,12.5,2.32,1.1,0.7,1.81,,3.61,8.75,51.1,,12.1,156,169,202,198,167,182,200,,,
2317,鴻海,239,"5,521","6,414","6,157","5,402","6,139","6,065","8,371","8,957","8,443","8,629","7,300",,,,6.35,0.02,3.43,0.27,3.03,3.19,4.15,,10.38,18.8,52.7,,13.9,"13,240","15,506","18,546","21,305","16,443","17,935","20,589",,,
2327,國巨*,292,111,115,102,111,106,108,117,114,123,124,130,,,,36.2,0.64,22.9,1.36,10.77,9.74,3.1,,8.22,7.91,,6,12.4,285,314,317,300,311,328,331,,,
2328,廣宇,51.4,21.1,20.8,16.8,19.7,17.6,18.1,18.2,15.6,16.1,17.8,15.4,,,,12.8,0.42,5.4,-0.75,0.42,0.47,0.33,,1.22,18.8,55,,19.3,46.6,54.5,60.1,57.1,57.1,57.3,53.7,,1.12,-10.9
2330,台積電,1975,"2,860","3,496","3,205","2,637","3,232","3,358","3,310","3,675","3,436","3,350","4,013",,,,62.3,2.87,54,3.42,13.95,15.36,17.44,19.51,66.26,4.64,32.5,12,18,"5,926","6,735","7,597","8,685","8,393","9,338","9,899","10,461",,
2360,致茂,1515,26.7,21.3,19.5,23.8,19.7,22,22.4,23.8,25.6,36.5,38.3,,,,59.8,-5.61,28.8,-5.21,5.03,4.63,11.99,,21.67,66.2,,19.5,28,44.2,55.1,56.3,60.4,68.7,64.6,64.1,,9.08,25.9
2376,技嘉,236.5,223,301,467,254,277,239,280,283,307,303,331,,,,9.91,0.49,4.32,-0.86,4.65,4.55,4.56,,13.77,15.2,66.5,,16.2,552,739,704,656,657,"1,023",796,,23.7,-84.1
2377,微星,98.6,203,210,207,196,193,188,196,206,201,169,223,,,,11.3,0.14,3.11,-0.25,1.27,1.59,2.01,,4.87,8.82,62.2,,13,476,467,521,515,535,613,577,,2.85,15.9
2379,瑞昱,477.5,118,114,103,102,97.3,97.3,100,90.6,88.8,83.3,136,,,,48.1,-1.6,8.88,-1.67,9.28,7.62,6.69,5.18,28.77,21.8,86.9,25,16.6,256,307,308,263,350,319,295,263,6.91,98.5
2382,廣達,301,"1,925","1,540","1,602","1,899","1,583","1,528","1,841","1,732","1,929","2,725","2,308",,,,6.85,-0.2,3.71,-0.34,5.06,4.37,4.26,,13.7,12.1,,15.6,17.9,"2,589","3,100","4,245","4,173","4,857","5,041","4,953",,"1,028",13.1
2383,台光電,2380,76.7,71.9,72.8,80.4,83.7,87.6,80.1,80.7,81.3,87,109,,,,30.1,-0.21,19.8,-0.79,10.01,10.02,11.19,,31.23,2.56,59.6,,24.3,129,154,175,186,217,225,251,,,
2385,群光,126,84.7,80.2,81.2,83.5,80.4,84.8,82.8,74.3,77.3,79.1,77,,,,19.1,1.32,9.5,1.67,2.19,2.96,2.87,,8.01,15.3,80.5,,12.1,228,247,277,262,233,245,248,,8.4,-7.44
2392,正崴,38.95,60.9,65.8,52.3,95.6,67.3,68.9,128,101,72.8,78.1,72.2,,,,-23.1,-5.47,-32.4,-4.17,0.27,-2.1,-2.98,,-4.81,-4.81,68.5,,14.8,190,215,248,331,214,214,265,,11.6,23.1
2397,友通,60.9,8.84,9.36,9.54,10.1,8.84,8.84,10,9.7,9.09,10.1,10.9,,,,24.2,-1.91,5.29,-2.38,0.93,0.89,0.66,,2.48,-0.17,98.3,,16.5,19.1,21.7,25.2,29.9,26,29,27.7,,1.09,-5.31
2404,漢唐,1075,38.4,40.1,49.8,57.9,60.7,59.1,72.6,62.7,69.9,72.8,60.3,,,,20.2,-1.08,16.6,-1.89,10.55,7.41,16.11,,34.07,16.2,85,,14.5,123,114,112,126,115,148,192,,401,7.6
2439,美律,91.2,31.5,32.9,35.3,34.5,36.6,44.1,49.9,49.7,49.7,42.6,39.2,,,,11.6,-1.08,3.86,-0.44,1.42,0.01,2.33,1.6,5.36,28.6,74.6,4,15.6,83.5,103,129,124,88.6,103,131,142,4.13,51.5
2441,超豐,93.9,14.4,14.7,14.4,14.1,14.1,14.4,14,14.7,14.3,13.9,16,,,,18.3,-3.61,14,-4.47,1.04,0.83,1.31,,3.18,29.2,68.3,,12.1,34.8,39.9,38.6,38.9,39,43.2,42.5,,2.1,19.4
2449,京元電子,316,26.4,27.8,27.6,28.2,29.2,31,32.7,34.2,32.9,32.5,33.7,,,,36,0.49,26.8,0.8,3.51,1.78,1.88,,7.17,13.6,62.9,,16.2,59.8,65.4,70.4,73,73.2,83.6,92.9,,,
2454,聯發科,1900,560,488,452,564,432,445,543,520,469,513,470,,,,46.1,-0.4,14.5,-1.07,18.43,17.5,15.84,14.4,66.16,19.5,80.9,53.5,15.5,"1,335","1,273","1,318","1,380","1,533","1,504","1,421","1,502",73,-0.81
2480,敦陽科,147.5,6.75,7.13,6.23,8.43,6.65,6.44,6.49,7.02,6.14,8.73,9.48,,,,24.1,-0.7,10.7,-1.47,2.24,1.92,1.78,2.06,8,11.3,97.5,7.8,15.3,17.5,17.9,17.6,22.3,20.7,21.8,19.6,21.9,22.7,24.2
2481,強茂,94.6,10.4,11.9,11.2,10.9,11.1,10.6,11,10.3,11.9,11.3,12.4,,,,31.3,0.65,8.45,-1.62,0.72,0.66,0.79,,2.18,37.6,58.3,,19.4,29.1,32.8,33.4,30.1,30.7,34,32.7,,0.04,-46.9
2493,揚博,113.5,3.26,3.1,2.98,3.08,3.16,3.11,3.06,3.27,3.14,3.52,3.18,,,,30.5,-0.92,16.2,-2.4,1.54,0.45,1.37,,3.16,28.3,84,,14.7,8.59,9.03,9.69,9.26,9.26,9.12,9.38,,5.24,19.9
2605,新興,37.1,3.93,4.27,3.82,3.21,3.51,3.2,3.71,4.11,4.82,4.92,3.98,,,,24.8,3.01,14.2,0.22,0.02,0.2,0.27,,0.49,11.7,50.8,,24.9,10.8,12,11,10.2,9.46,10.8,9.97,,0.54,173
2615,萬海,79.9,118,114,112,122,124,116,110,104,109,121,125,,,,30.6,2.24,25.6,0.78,3.11,0.38,4.15,,7.64,39.7,20.7,,5.1,276,382,545,415,371,349,350,,,
2643,捷迅,72.8,7.53,7.39,6.08,6.95,7.17,7.42,7.02,7.05,8.01,7.54,6.75,,,,8.22,-0.02,5.07,0.32,1.78,0.13,2.79,,4.7,15.3,73.6,,7.77,9.79,12.1,14.1,16.6,19.4,20.4,21.6,,,
3004,豐達科,111,3.45,3.48,3,3.39,3.23,3.24,3.43,3.61,3.76,4.05,3.89,,,,24.4,3.75,9.6,1.09,1.99,1.16,1.25,1.51,5.85,-8.83,43.6,2.55,21.8,8.35,8.66,8.68,9.32,9.36,9.87,9.9,11.4,0.23,-24.6
3005,神基,124,37.7,32.9,32.1,33.1,31.2,32.6,33.9,33.4,36.2,33.6,31.9,,,,31.5,-2.04,15.6,-2.39,1.98,2.26,2.12,,6.36,8.09,,6.8,13.9,87.1,86.5,91.4,91.7,95.5,98.1,97.7,,7.55,8.72
3014,聯陽,122,5.15,6.57,6.47,6.2,5.91,5.99,6.05,5.1,5.22,4.75,7.19,,,,53.1,-0.97,24.8,-1.31,2.83,2.36,2.43,,7.62,8.12,89.1,,13.5,15.1,16.2,18.6,16.4,17.2,19.2,17.9,,0.04,121
3017,奇鋐,1765,85.1,91.1,98.8,106,118,126,145,165,174,139,170,,,,26.1,1.71,20.8,3.55,8.28,10.3,13.67,,32.25,1.6,46.8,,31.2,153,165,191,209,233,296,389,,0.02,12.6
3023,信邦,241.5,27,25.7,25.6,26.3,24.6,24.8,26.7,25.7,25.5,26.3,28.1,,,,23,-1.69,8.34,-2.92,3.85,3.16,3.05,,10.06,32.4,69.7,,22.7,80.4,83.1,84.3,83.2,81.6,77.4,75.5,,15.1,24.6
3030,德律,245.5,6.91,6.84,9.33,7.6,7.48,7.56,5.64,5.39,8.13,7.3,8.94,,,,60.6,3.93,34.2,1.92,2.45,2.21,2.93,2.9,10.49,15.4,66.7,7,12.6,15.1,17.3,16.3,14.9,19.4,23.8,20.7,20.8,0.75,-2.05
3037,欣興,481,106,109,106,109,113,114,113,113,115,118,128,,,,15.8,2.39,6.82,2.31,0.6,0.02,1.44,2.32,4.38,43,45.7,2,17.4,264,279,317,294,301,325,340,347,106,-3.04
3042,晶技,93,10.8,12.7,11,9.94,11.1,11.5,12.3,11.3,11.7,10.2,12.2,,,,31.2,-2.44,14.1,-2.27,1.38,1.08,1.49,,3.95,21.9,57.7,,13.6,27.5,29.2,36.7,33.3,31.7,33.7,34.9,,0,-100
3078,僑威,62.8,11,11.2,10.5,9.63,9.01,7.96,6.1,6.16,5.91,5.29,7.88,,,,25.1,-2.42,15.9,-4.15,1.85,1.63,1.49,,4.97,17.8,71.2,,12.2,20,21.4,22,22.8,28.4,31.3,23.1,,0.27,-14.7
3090,日電貿,96.7,11.6,14.4,13.6,12.7,12.6,13.8,14.1,13.6,12.8,11.7,16.1,,,,16,1.48,9.34,0.33,1.67,0.56,1.97,,4.21,26.1,92.9,,12.6,28.5,28.4,32.9,31.5,38,40.7,40.5,,0.04,-29.3
3147,大綜,193.5,13.8,5.75,3.31,4.04,7.2,4.6,4.57,11.8,5.08,3.89,14.1,,,,14.2,-1.67,6.57,-1.23,3.54,0.49,2.32,,5.92,13.2,51.9,,14.3,10.1,9.69,13.9,16,31.5,13.1,16.4,,3.82,148
3163,波若威,808,2,1.71,1.63,2.05,1.63,1.87,1.9,1.86,2.13,2.23,2.35,,,,18.3,-0.71,5.03,-0.73,0.61,-0.07,2.78,2.9,6.22,87.4,56.3,3.5,20.2,5.49,4.59,4.56,4.77,5.24,5.38,5.4,6.23,0.02,-7.3
3167,大量,309,3.13,4.03,4.34,4.34,4.54,4.82,4.79,4.99,4.91,5.59,6.02,,,,39.1,0.29,20.6,1.12,1.02,1.99,2.44,,5.45,1.71,67.5,,24.4,3.99,4.9,7.21,9.89,8.44,12.7,14.1,,2.59,47.4
3206,志豐,36.95,2.88,3.04,2.66,3.37,2.74,2.13,2.78,2.35,2.36,2.17,3.27,,,,19.3,-1.77,2.73,-3.32,0.62,0.49,0.38,,1.49,42.7,61,,10.4,8.01,10.4,10.2,8.15,8.3,9.09,7.64,,0.38,-24.8
3217,優群,156.5,3.37,3.65,3.72,3.17,3.55,3.72,4.03,3.49,3.5,3.42,3.31,,,,51.1,2.99,33.6,1.84,2.96,2.3,4.21,,9.47,18.9,78.3,,15.8,6.82,7.92,10.4,9.58,9.24,10.5,11.3,,,
3219,倚強科,66.1,1.35,1.78,1.71,1.88,2.06,2.07,0.99,0.87,1.41,1.45,1.62,,,,63.5,1.89,21.2,0.87,-0.04,0.89,0.8,,1.65,4.64,88.5,,34.4,1.39,4.24,3.66,2.09,2.82,5.37,5.11,,0.2,-4.82
3227,原相,203,7.95,8.16,7.86,6.78,7.23,7.41,7.48,7.28,7.69,7.9,8.09,,,,59.3,-3.14,17.3,-8.57,3.74,2.51,3.01,,9.26,27,,10.1,17.2,17.5,20.4,22.6,23,23.5,22.8,22.1,,0.8,58.2
3231,緯創,135,"1,530","1,337","2,084","2,092","1,917","1,726","2,034","1,851","2,806","2,553","2,284",,,,7.39,2.96,4.78,2.82,1.85,2.2,2.36,,6.43,-23.2,62.2,,17.4,"2,393","2,402","2,725","2,972","3,465","5,513","5,678",,129,10.8
3264,欣銓,150,11.2,11.5,11.4,11.4,11.6,12.2,12.1,12.6,12.4,13.1,13,,,,35.7,-0.63,24.3,-2.08,1.27,1.19,1.75,,4.2,16.4,90.1,,11.3,32.7,33.1,33.7,31.6,32.1,34.2,35.9,,0.1,-19.7
3265,台星科,142,3.74,3.55,3.97,4.19,3.96,3.89,3.59,4.12,4.07,4.31,4.26,,,,23.1,-4.23,16.8,-4.55,1.54,0.66,1.53,,3.73,25.7,73.8,,15.3,10,10.2,10.5,11,10.8,11.7,11.4,,0.12,
3290,東浦,50.1,1.72,1.75,1.6,1.83,1.93,2.06,2.29,2.38,2.43,2.07,1.93,,,,31.6,1.46,16.8,2.21,0.32,0.07,1.02,,1.22,3.4,0,,22.3,3.8,4.84,5.48,5.55,4.91,5.18,6.28,,0.19,-26.8
3303,岱稜,47.7,2.61,2.59,2.46,2.51,2.64,2.86,2.5,2.48,2.14,2.44,2.89,,,,34.4,0.72,10.8,-1.7,1.2,0.73,1.59,1.04,4.57,37.3,65.6,3,11.3,6.45,7.58,8.73,7.16,7.45,7.56,8,7.06,0.05,3.1
3317,尼克森,50,2.22,2.39,2.46,2.13,2.19,2.29,2.4,2.22,2.29,2.4,2.73,,,,27,0.74,11.1,0.86,0.74,0.6,0.63,,1.83,-5.38,60.7,,13.2,5.24,5.91,6.68,6.86,6.3,6.98,6.88,,,
3356,奇偶,46.95,1.01,0.89,0.81,0.77,0.76,0.73,0.87,0.99,0.82,0.95,0.8,,,,50.1,-0.58,2.31,3.04,-1.72,1.61,3.27,,3.16,97.9,55.6,,14.2,3.24,2.88,2.65,3.21,2.6,2.46,2.36,,,
3357,臺慶科,201.5,5.85,6.1,5.15,4.86,5.36,5.33,5.79,5.74,6.01,6.32,6.01,,,,26.5,1.83,12.1,2.68,2.2,3.11,2.53,,7.84,29.1,68.2,,13.6,11.7,13.7,14.7,15,15.6,16.1,16.5,,,
3402,漢科,135.5,4.37,4.19,4.38,4.26,4.33,4.53,4.77,4.57,4.57,4.46,4.58,,,,24.5,-3.71,14.1,-3.17,1.73,2.23,2.03,,5.99,3.24,73.7,,14.2,13.1,14.1,14,13.6,12.4,12.8,13.6,,17,4.48
3406,玉晶光,435.5,18.9,18.5,12.5,16.6,23.8,27,26.6,22.6,22.7,26.3,25.1,,,,34.1,4.35,23.4,10.2,7.74,2.13,12.54,,22.41,6.17,0,0,15.4,52.4,49.9,74.9,54.7,53.2,47.8,77.4,,3.05,15.1
3416,融程電,150.5,3.09,2.5,2.43,3.34,3.86,3.48,2.73,3,3.62,3.45,3.05,,,,38.5,-0.21,18.1,0.67,1.86,1.19,2.26,2.11,7.39,7.57,75.8,5.6,17.5,7,7.4,7.84,8.33,8.01,8.27,10.1,10.1,1.28,111
3450,聯鈞,304,9.78,6.03,6.41,6.05,6.15,5.95,6.45,6.99,6.31,7.92,7.52,,,,22.8,-8.03,10.5,-11.8,2.34,0.53,0.61,,3.48,30.6,13.1,,59.2,12.9,17,21,24.8,27.6,18.5,18.6,,0.83,76.6
3455,由田,117,2.11,1.28,1.28,1.2,1.65,1.69,1.72,1.85,1.32,1.13,0.62,,,,59.5,9.74,16.6,11.5,0.07,-1.41,2.69,,1.36,58.3,85.1,,12.5,3.32,3.9,4.64,6.67,3.63,3.77,5.05,,0.68,-28.2
3479,安勤,92,6.78,7.02,7.03,6.91,7.99,7.1,8.27,7.8,6.25,7.25,7.2,,,,25.8,-0.32,9.34,-1.37,1.88,1.22,1.94,,5.03,12.8,75.9,,14.5,15.6,19.2,21.7,19.6,19.3,21,23.4,,,
3483,力致,93.6,6.12,7.25,9.46,8.36,7.61,9.25,9.08,7.37,7.33,6.48,7.35,,,,20,-1.94,5.67,-0.26,0.06,1.45,1.62,,3.12,26.4,60.5,,16.8,19.1,21.8,25.7,23.4,17.8,25.1,25.9,,0,-90.3
3484,崧騰,48.7,4.04,4.32,4.02,3.89,4.1,3.79,3.69,3.66,3.72,3.83,3.89,,,,25.1,0.36,8.81,0.02,0.98,1.12,1.24,,3.35,17.1,58.6,,11.7,8.79,10.8,11.5,12.4,11.3,12.2,11.6,,,
3515,華擎,227.5,31.8,51.3,43.9,25.1,28.6,37,51.2,37.5,61,38.6,66.4,,,,12.8,-0.28,5.61,0.24,3.58,3.31,4.36,4.03,15.28,0.16,72,11,16,49.5,52.2,62.7,92.1,105,120,116,137,9.57,-8.13
3526,凡甲,292.5,3.54,3.11,3,3.15,2.85,3.01,3.8,3.5,3.62,3.98,4.48,,,,47.9,-4.19,29.7,-5.23,4.1,4.14,4.1,,12.33,11,98,,16.9,5.88,7.69,9.08,9.47,9.24,9.25,9.69,,0.36,19.6
3548,兆利,84.7,10,10.8,8.95,7.36,6.17,7.03,7.04,6.54,6.56,7.35,6.01,,,,11.5,-1.55,0.96,-3.21,0.85,-0.79,0.68,,0.73,73.7,25.8,,16.3,23.8,22.8,21.5,27.7,26.3,27.1,20.2,,,
3558,神準,139.5,14.2,14,13.2,12.5,12.5,11.7,11.8,11.9,10.4,12.5,9.9,,,,14.9,-0.96,1.57,-1.17,2.58,1.29,1,,4.87,41.2,63.7,,15.2,28.6,25.2,29.5,36.6,39.9,39.7,36,,2.02,-20.7
3570,大塚,185,2.79,2.27,1.87,1.99,1.81,1.67,2.27,1.53,1.54,1.97,3.09,,,,28.5,0.42,12.2,-0.46,4.29,3.41,3.31,,11.01,-0.06,,9.7,12.5,4.61,5.47,4.79,6.16,7.43,6.12,5.75,,0.1,-27.7
3577,泓格,61.4,0.89,0.81,1.22,0.89,0.91,0.91,0.76,0.94,1.15,0.96,1.4,,,,52.7,-2.88,12.3,-5.49,0.77,0.53,0.42,,1.73,5.57,92.6,,30.2,2.35,2.52,3.23,2.61,3.16,2.93,2.59,,0.11,38.9
3583,辛耘,368,9.93,8.93,9.57,10.6,9.13,9.05,10.1,8.77,9.58,9.8,10.2,,,,32.2,-0.94,11.7,-4.5,3.2,2.85,3.66,,9.71,21.9,39,,27.9,22.4,23.7,25,25.7,28.1,29.1,28.3,,136,-1.25
3596,智易,195,44.5,44.8,44.3,45.6,45,46.4,46.7,44.6,43.4,42.1,42.3,,,,15.3,-0.05,6.31,-0.18,3.08,3.02,3.42,3.08,12.6,7.91,71.4,9,13.6,125,122,122,121,127,135,138,130,31.8,10.9
3597,映興,24.8,0.73,0.66,0.67,0.6,0.72,0.79,0.82,0.73,0.81,0.78,0.78,,,,24.5,2.25,8.34,4.93,0.18,-0.29,0.23,,0.12,5.66,64.4,,19.5,1.34,1.58,2.03,2.43,2.02,1.93,2.34,,0.01,-55.5
3605,宏致,65.1,9.5,9.65,9.61,8.61,8.89,9.36,9.63,8.74,9.23,9.11,10.6,,,,26.2,-0.25,5.27,-1.73,1.37,0.67,1.47,,3.51,45.5,28.7,,26,19.4,24.5,26.9,26.8,25.8,27.9,27.9,,,
3679,新至陞,119,4.16,3.65,4.01,3.5,3.55,3.44,4.14,3.47,3.24,3.58,4.14,,,,32.7,0.49,21.2,-0.74,3.95,-1.83,4.02,3.64,9.78,23,92,9,10.4,9.2,9.79,11.2,12.4,12.1,11.2,11.1,10.3,,
3689,湧德,115,5.15,5.44,5.55,4.45,5.11,4.82,5.12,4.48,5.42,6.8,7.18,,,,30.1,1.03,13.5,-0.22,2.23,1.65,1.67,,5.52,2.62,,3.66,14.7,10.9,12.1,14.3,14.2,14.9,15.4,15,,0.07,19.4
3693,營邦,458,9.08,6.48,5.32,6.63,4.92,4.67,6.43,5.95,3.84,6.35,4.8,,,,26.3,-1.98,8.29,-8.28,8.43,0.31,4.58,,13.32,42.6,40.3,,16.3,14.9,21.2,26.7,22.6,24.6,18.4,16,,0.52,73.7
3702,大聯大,67.6,"1,102",918,755,832,766,788,891,834,786,933,952,,,,4.03,0.21,2.19,0.23,1.13,1.05,1.89,,4.07,-32.5,78.6,,11.8,"1,819","2,080","2,591","2,316","2,488","2,505","2,445",,,
3704,合勤控,34,22.2,20.1,18.4,23.4,21.7,20.4,22,18.8,17.4,20.4,17.8,,,,29.8,5.52,7.51,5.19,0.7,-0.94,1.37,,1.13,30.7,21.2,,13.9,55.6,65.1,64,75,70.3,61.9,64.2,,2.58,3.58
3711,日月光投控,370.5,537,522,490,495,515,565,606,602,588,589,600,,,,17.1,0.09,7.83,1.07,1.75,1.74,2.5,,5.99,5.55,70.4,,12.6,"1,328","1,402","1,601","1,623","1,482","1,508","1,686",,,
3712,永崴投控,24.8,16.3,17.9,11.6,51.7,18.7,19.8,65.7,24.7,12.7,26.3,12.9,,,,-81.5,-9.84,-85.6,-9.26,0.93,-8.3,-12.41,,-19.78,-1.92,65.8,,17.2,38.5,59.1,53.4,118,73.7,81.1,104,,6.1,56.5
3715,定穎投控,153,15.2,15.7,14.9,15.7,14.9,15.9,17.5,17.1,18.1,19.7,18.6,,,,19.4,-2.08,6.82,-1.37,0.96,0.93,0.51,,2.4,-40.2,39.7,,18.6,41.7,42.3,47.5,46.4,45.6,46.3,48.4,,0.03,192
4105,東洋,85.3,5.67,4.39,5.38,5.35,4.83,4.58,8.79,5.33,4.87,6.42,5.61,,,,55.8,-2.84,29,2.13,1.57,1.14,2.33,,5.05,31.4,72,,17.3,12.7,13.7,15.3,17.1,14.6,15.1,18.2,,0.34,3.65
4183,福永生技,16.15,0.54,0.37,0.59,0.35,0.42,0.39,0.5,0.45,0.3,0.44,0.28,,,,17.7,-3.27,0.78,-0.89,0.05,-0.54,0.27,,-0.22,87.8,91.8,,21.4,0.98,1.34,1.03,1.17,1.2,1.3,1.31,,0.04,-25.7
4442,竣邦-KY,55.6,1.83,2.05,1.24,1.23,0.76,0.97,1.87,1.13,1.33,2.03,1.12,,,,29.2,2.88,10.2,-1.63,1.59,1.41,1,,3.98,8.8,77.6,,15.6,3.15,3.04,2.57,4.12,4.1,4.51,3.6,,0.38,144
4533,協易機,32,2.18,2.85,3.79,3.15,3.7,3.28,3.43,2.32,3.41,3.83,3.46,,,,23.4,-5.09,1.74,-4.02,0.37,-0.64,0.31,,0.04,73.1,77.4,,30.7,7.96,9.13,9.98,8.86,10.5,9.79,10.4,,6.15,1.79
4551,智伸科,127,6.51,6.52,6,5.74,6.7,6.01,6.69,6.1,7.02,7.35,8.31,,,,21.7,-2.36,11.4,-5.08,2.07,-0.78,2.35,,3.64,36.3,50.7,,16.5,16.4,18.6,22.2,19.8,20.1,18.3,19.4,,,
4554,橙的,27.05,0.4,0.46,0.4,0.35,0.43,0.44,0.53,0.51,0.33,0.36,0.35,,,,43,-4.28,11.9,-3.64,0.99,-0.73,1.09,,1.32,55.8,88.2,,23.7,0.97,0.96,0.94,1.19,1.13,1.21,1.4,,0.04,87.8
4571,鈞興-KY,191.5,2.85,2.13,2.42,2.2,2.4,3.01,2.64,2.37,2.41,2.52,3.33,,,,34.2,3.89,19.7,6.53,3,1.77,2.56,,7.33,-4.21,56.2,,16.6,7.7,7.44,7.2,8.29,8.55,6.73,8.07,,0.04,0.14
4581,光隆精密-KY,50.5,0.97,1.03,0.87,0.9,0.92,0.9,0.84,0.84,0.82,0.91,0.94,,,,32.3,-3.23,17.6,-1.32,1.43,1.27,1.21,,3.91,8.42,63.7,,13,2.81,2.79,2.68,2.55,2.83,2.8,2.66,,0.01,
4754,國碳科,38.6,0.78,0.51,0.53,0.51,0.38,0.52,0.54,0.49,0.32,0.48,0.6,,,,45.9,-5.04,18,-4.94,1.15,0.7,0.78,,2.63,12.2,76,,16.9,1.69,1.59,1.57,1.46,1.95,1.56,1.43,,0.45,3.91
4760,勤凱,191,1.44,1.4,1.41,1.51,1.51,1.59,1.72,1.89,1.94,1.95,2.09,,,,21.9,3.02,15.8,2.38,2.01,0.5,2.22,,4.61,12.9,66.7,,19.7,2.66,3.68,4.31,4.27,4.12,4.33,4.83,,,
4763,材料*-KY,46.6,15.2,15,12.3,11.3,8.02,8.61,7.85,7.91,8.05,11.7,9.85,,,,60.3,2.11,52.7,-0.94,20.53,1.72,1.16,,4.94,3.26,0,0,12.1,36.1,32,43.7,45.3,41.5,38.6,24.5,,2.67,13.4
4766,南寶,326,20.4,19.9,19.6,18.6,19.8,19.5,19.8,19.9,19.4,20,19.7,,,,33.9,-0.64,16.3,-0.67,6.05,4.59,4.97,,15.6,-4.44,0,0,15.2,49.9,57.8,60.9,61.2,55.5,58.1,59.1,,0.25,27.5
4772,台特化,339,0.72,0.92,0.9,0.81,0.88,2.72,2.79,2.82,2.72,3.16,2.88,,,,54.2,-4.16,42.6,-7.01,0.7,0.79,1.21,,2.69,1.7,73,,173,2.17,1.88,2.14,2.55,2.2,2.63,6.4,,,
4906,正文,27.25,18.1,15,14.4,12.6,11.7,10.6,13.3,10.8,11.3,13.7,11.4,,,,16.3,2.9,1,0.62,0.15,-0.96,0.36,,-0.45,84.4,96.2,,14.8,57.6,76.1,61.7,60.9,51.5,42,35.6,,3.72,1.4
4915,致伸,77,54.1,48.2,48.4,49.3,53.6,50.9,54.3,55.3,45.4,48.7,60.6,,,,17.6,0.58,4.16,-0.72,1.61,1.6,1.55,0.96,5.71,-13,80,4.568,12.2,136,154,160,132,148,146,159,149,,
4938,和碩,71.9,846,"1,029",857,788,771,658,"1,149","1,178","1,018",999,922,,,,4.23,1.09,1.25,0.7,1.62,0.11,1.69,,3.42,58.1,71,,11.6,"2,504","2,537","2,942","3,270","2,724","2,673","2,579",,22,11.8
4953,緯軟,114,9.26,9.34,8.9,9,9.55,9.84,10.5,10,10.8,11.7,11.4,,,,18.3,0.99,7.52,1.72,1.51,1.8,2.66,,5.97,0.76,63.8,,14.4,24.2,25.2,26.1,27.1,26.4,27.2,29.9,,0.36,-1.8
4958,臻鼎-KY,197.5,144,136,118,128,134,147,194,194,181,193,136,,,,22,3.63,9.56,3.22,0.66,0.63,2.46,,3.79,2.82,49.6,,11.2,325,324,506,561,401,382,474,,,
4961,天鈺,149.5,17.9,18.3,17.5,14.9,14.8,14.1,13.9,12.4,13.3,13.9,13.5,,,,28.1,-0.49,6.15,-3.6,3.26,2.62,2.2,,8.08,33.7,80,,12.4,37.2,50.2,53.1,51.5,46.6,50.8,42.7,,0.27,2.96
4977,眾達-KY,174,1.08,1.02,0.92,0.76,0.77,1.01,1.03,0.88,1.01,0.62,0.33,,,,27.1,3.89,11.9,7.67,-1.29,3.82,1.02,,3.53,62.9,68.7,,18.5,1.37,2.04,3.58,3.93,2.73,2.71,2.8,,0.02,
4979,華星光,462.5,3.76,3.83,3.48,3.56,3.88,3.97,2.91,3.18,4.15,4.21,4.12,,,,21.1,3.76,16.3,2.44,1.52,0.67,1.54,,3.73,19.6,40.8,,79.2,6.56,8.01,9.46,10.5,10.7,10.9,10.8,,0,-20.2
5215,科嘉-KY,39.7,2.47,2.13,1.98,2.1,2.43,2.11,2.68,2.12,2.31,2.25,2.5,,,,27.8,9.02,12,9.21,0.47,-0.59,1.52,,1.4,28.3,66.8,,9.05,5.5,6.91,7.51,7.11,5.81,6.2,7.23,,0.02,-25.5
5225,東科-KY,98,10,9.41,7.99,8.05,10.1,13,13.1,7.87,6.89,7.1,7.38,,,,12.4,-6.52,0.14,-9.13,2.5,3.02,4.14,0.61,10.26,93.5,70.3,7.21,7.45,27.6,30.7,38,27.7,26.9,25.4,36.2,21.9,,
5236,凌陽創新,131.5,1.68,1.46,1.69,1.7,1.84,1.56,2.05,1.59,1.25,1.79,2,,,,59.2,1.98,26.6,-1.27,2.08,2.15,2.3,2.11,8.59,14.3,105,9,15.6,3.64,4.07,5.5,4.97,5.06,4.86,5.45,4.64,,
5243,乙盛-KY,83.2,11.5,11.5,10.4,8.41,8.59,8.91,10.2,9.5,10.1,8.55,10.7,,,,25.3,3.92,10.1,2.18,1,1.16,1.21,,3.37,-8.58,44.6,,18.6,28.8,31.7,33.9,36.6,33.8,30.3,27.7,,,
5284,jpp-KY,266,2.79,2.55,2.88,3.01,3.11,3.2,3.34,3.86,3.96,3.5,3.59,,,,35.5,-2.09,14.4,-10.7,2.51,2.1,4.56,,9.16,53.4,0,0,28,6.03,4.71,6.15,6.99,8.06,8.44,9.5,,,
5288,豐祥-KY,145.5,6.79,5.92,4.83,4.99,5.57,5.06,4.7,5.77,5.49,6.79,8.04,,,,22.6,1.26,13.9,1.83,3.78,1.46,3.51,,8.74,27.5,0,0,12.7,17.8,19,17.4,18.7,18.9,15.7,15.3,,0.73,10.9
5292,華懋,180,2.69,2.12,1.56,2.99,2.72,2.18,2.43,2.53,2,2.9,2.29,,,,21.3,-2.49,14.7,-2.39,2.64,2.24,2.23,,6.88,9.36,55.8,,19.6,5.51,4.54,5.32,7.1,7.2,6.65,7.34,,11.9,7.64
5299,杰力,77.2,1.38,1.44,1.31,1.31,1.3,1.24,1.1,1,1,1.07,1.3,,,,34.3,-1.02,7.05,-3.71,1.39,-0.15,2.06,1.28,4.58,70.9,79.9,3.66,12.8,4.08,4.4,4.34,4.1,4.06,4.06,3.64,3.07,,
5388,中磊,83.2,37.2,41.4,38.1,42.6,52.7,48.6,46.2,45.9,48.6,62.4,51.8,,,,14.2,-2.37,3.22,0.13,1.02,1.13,1,,3.15,-21.5,59.4,,15.1,162,137,135,134,114,122,147,,5.06,-8.31
5425,台半,61.5,16,16,15.8,15.3,13.9,14,15.6,14.3,14.4,15.3,14.7,,,,30.3,0.75,8.59,-0.8,0.47,0.17,0.6,,1.23,13,108,,21.1,31.7,35.8,38.4,42.4,45.1,47.1,43.5,,,
5457,宣德,35.7,19.3,20.8,17.1,16.9,20.8,23.2,27.6,21.7,20.9,20.4,18.4,,,,17.8,1.24,7.25,3.68,1.09,-0.61,1.06,,1.54,27.3,56.5,,17.1,41.7,49.2,71.2,64.8,53.9,55.3,71.5,,0.46,2397
5465,富驊,29.15,6.1,6.35,4.84,4.33,5.17,4.29,3.49,3.23,3.78,3.38,5.26,,,,12.3,1.68,5.93,1.18,0.63,0.04,0.7,,1.37,43.8,98.9,,18.1,13,10.5,8.97,12.4,15.7,15.5,13,,0.82,12.1
5483,中美晶,116,67.5,67.2,63.5,71.6,54.8,60.1,75.9,60.2,62.8,71.9,59,,,,20.2,-5.12,8.77,-5.21,1.19,1.17,1.71,,4.07,41.6,42.2,1,12.7,197,199,201,200,194,202,191,,92.6,5.45
5609,中菲行,79,25.6,25.4,23.3,25.5,23.7,24.6,24.9,23.4,26.2,26.2,23.5,,,,14.4,0.26,4.08,-1.92,1.63,2.63,1.87,,6.13,11,76.7,,7.3,56.3,67.2,78.9,87.1,71.9,74.4,71.7,,,
5871,中租-KY,102.5,86.6,82.7,82.6,80.4,79.2,82.3,79.9,80.9,78.1,82.4,80.8,,,,65.7,-0.52,26.8,-1.32,3.28,2.58,2.65,,8.45,3.94,47.3,,12.5,250,257,262,253,247,246,241,,,
6104,創惟,100,3.75,3.91,3.57,3.39,3.23,3.09,3.14,2.95,3.47,3.48,3.61,,,,41.9,-6.02,9.81,-10.5,2.37,1.36,0.92,,4.65,4.65,88.9,,33.2,6.24,7.27,8.81,9.46,10.3,10.9,9.47,,,
6121,新普,332,65.6,66.2,66.9,63.2,63.3,64.5,76.2,78.8,80.1,78.7,59.4,,,,15.7,1.46,9.33,1.35,7.74,5.65,7.87,,21.26,18.3,71,,10.7,176,190,220,214,184,196,204,,,
6139,亞翔,557,56.6,50,42.2,56.7,67.3,77.8,101,70.7,85.1,95,65.6,,,,18,8.37,15.3,8.27,3.8,2.87,10.64,,17.33,6.66,74.1,,17.9,192,188,164,107,121,150,245,,298,27.7
6143,振曜,107,6.28,6.4,7.39,6.82,6.87,7.75,8.32,8.6,9.04,8.06,7.75,,,,23,2.21,13.5,2.61,1.17,0.45,2.1,,3.72,7.4,95.5,,19.4,13.4,19.8,18.2,22.6,16,20.6,23,,1.03,-21.3
6147,頎邦,54.8,18.3,17.6,18.1,18,18.1,18.2,19.1,18.3,17.7,17.9,19.6,,,,21.2,0.08,9.48,-1.26,0.9,0.55,1.16,1.12,3.74,48.2,74.9,2.8,10.2,42.8,51.5,55.5,53.5,51.4,53.7,55.4,54,,
6158,禾昌,20.5,1.61,1.74,1.53,1.47,1.57,1.52,1.75,1.27,1.5,1.41,1.47,,,,24.5,-3.61,0.53,-1.46,0.01,0.58,0.03,,0.62,132,80.5,,15.8,4.36,5.09,5.38,4.37,4.33,4.7,4.88,,,
6176,瑞儀,110,40.9,40.5,41.7,43.5,41.5,44.2,39.9,35.3,37.9,43.1,47.6,,,,21.1,-1.98,9.39,-5.39,2.33,1.79,3.3,1.98,9.4,21.1,37.2,3.5,10.7,108,119,142,147,120,126,126,116,,
6187,萬潤,565,4.44,4.86,5.07,5.41,6.08,5.46,5.55,3.08,3.04,2.76,3.91,,,,61,12.6,25.3,-4.07,3.57,4.16,4.37,3.36,15.46,39,76.2,11.79,22,7.23,12.7,19.4,16,12.5,15.2,17.1,8.88,0.26,-80.4
6192,巨路,132,7.24,6.54,6.15,5.64,5.96,5.65,5.39,5.44,7.06,7.67,6.34,,,,32.6,-3.41,15.6,-4.67,2.92,2.11,2.64,,7.66,13,52.5,,10.2,18,18.3,19.9,22.1,18.1,18.3,17,,31.6,14.7
6196,帆宣,298,46.2,45.3,42.3,34.4,37.3,39.3,38.1,41.4,54.5,50.5,47.1,,,,11,-0.36,2.5,-2.25,4.41,1.95,5.57,,12,78.6,66,,16.6,146,154,156,150,133,122,115,,182,40.3
6197,佳必琪,154.5,6.4,7.67,5.7,6.16,7.24,6.72,7.19,6.67,5.77,6.01,7.7,,,,32.8,-1.61,19.2,-2.51,1.63,2.09,2.38,,6.1,-3.33,80.6,,19.1,14.8,17.5,18.8,16.6,16.7,19.4,21.2,,0.42,62.8
6201,亞弘電,53.6,2.78,2.88,3.23,2.92,3.52,2.6,2.73,1.96,2.64,2.8,2.54,,,,22,-1.58,10.9,-1.54,1.07,0.94,1.05,,3.06,16.1,85.5,,12.7,6.06,8.41,9.26,9.45,8.01,9.02,8.84,,0.31,-25.4
6203,海韻電,68,2.82,2.51,2.54,2.31,2.38,2.34,2.64,2.74,1.78,1.78,3.38,,,,35.8,0.22,21.3,-1.09,1.83,-1,2.45,,3.28,40.5,100,,11.5,5.53,5.93,3.49,5.26,6.87,7.23,7.25,,0.14,-5.52
6206,飛捷,93.5,4.59,4.44,4.34,4.83,4.11,3.6,4.56,3.39,3.46,3.99,4.67,,,,42.9,-0.97,22.9,-3.31,2.27,1.5,1.56,,5.33,-1.47,86.6,,15.3,10.1,12.1,11,12.9,13.6,13.6,12.3,,0.56,-15.3
6221,晉泰,29.05,4.01,4.81,3.75,4.7,5.38,3.86,4.18,3.49,3.25,3.95,4.07,,,,19.2,-2.99,8.24,-3.85,0.78,0.86,0.62,,1.84,13.5,99.7,,17.3,10.9,11.1,13,17.1,15.1,13.3,13.4,,11.5,-13.4
6224,聚鼎,43.05,2.56,2.83,2.61,2.15,2.21,2.34,2.39,2.28,2.51,2.02,2.68,,,,26.8,-4.26,-2.22,-7.28,0.43,0.4,0.14,,0.98,205,78.5,,23.7,6.23,6.74,8.67,7.62,7.17,7.6,6.94,,0.03,-45.8
6227,茂綸,84.5,12,22.4,20.7,10.8,23,13.2,11.8,15.3,11.7,12.5,18.7,,,,9.52,5.56,5.22,4.16,1.82,-0.3,3.17,,4.69,20.8,58,,10.3,25.9,31.6,33,32.7,34.4,53.1,47.9,,0.96,-39.9
6245,立端,61.5,6.08,5.33,4.54,6.21,5.2,5.8,7.65,7.23,5.15,7.72,3.98,,,,31.1,1.22,8.82,4.64,1.07,0.74,1.07,,2.89,15.1,65.6,,12.9,16.6,16.4,20.5,21,17,16.1,18.6,,1.45,-8.28
6257,矽格,137,15.9,15.6,16,16.2,15.9,16.1,16.5,17.2,17.4,18,18.3,,,,27.2,-4.22,17.8,-5.64,1.57,0.7,1.68,,3.94,22.5,68.6,,12,41.6,45.5,45.9,49.2,46.8,47.8,48.5,,0.2,-12.2
6261,久元,74.4,3.7,3.35,3.36,2.92,4,3.46,3.06,3.18,4.48,4.13,3.93,,,,33.2,2.84,14,1.66,0.93,0.39,1.39,,2.7,29.5,0,0,12.6,9.37,11.4,9.63,9.26,9.94,9.56,10.6,,1.25,-14
6271,同欣電,170.5,10.4,10.3,9.65,9.76,9.23,9.54,9.73,9.72,9.46,9,9.52,,,,27.2,0.63,13.4,-0.48,2.79,0.34,2.28,,5.41,29.7,,3,16,29.7,30.7,30.7,29.8,29.1,29.7,28.5,,1.26,-10.7
6274,台燿,540,21.9,23.6,21.4,23.6,26.7,25.4,28.5,28.5,30.2,32.5,35.3,,,,23.7,2.58,15.7,3.12,2.43,2.36,3.58,,8.37,3.96,68,,22.3,44.3,57,66.2,63.1,63.7,67.8,80.6,,,
6278,台表科,101.5,43.3,43.4,42.4,40.1,41.6,41.7,44.5,39.6,40,41.3,45.5,,,,12.7,0.53,7.38,0.7,2.88,1.64,2.38,,6.9,-2.67,55.3,,10,109,115,110,118,124,126,128,,2.34,0.08
6279,胡連,117.5,7.59,7.74,7.04,6.92,7.06,7.51,8.68,9.91,10.4,9.72,8.39,,,,29.6,-3.87,13.9,-3.9,3.15,0.8,2.54,,6.27,15.9,50.8,,15.8,18.9,19.9,21.4,27.7,23.3,21.7,23.3,,,
6285,啟碁,184.5,104,98.6,90.2,86.1,89.1,86.7,98,94.8,83,92.3,101,,,,12.1,0.57,2.74,-0.46,1.92,1.03,1.39,,4.35,14.9,66.1,,16.8,256,307,260,279,284,275,274,,15.1,-19.6
6290,良維,213,7.9,8.8,8.62,8.68,7.89,8.25,9.15,9.58,8.64,8.52,8.27,,,,30.1,-0.98,15.9,-4.6,2.56,1.06,2.57,,6.2,20.1,78,,15.5,17.4,19.2,21.5,22.3,23.4,26.1,25.3,,0.02,5916
6442,光聖,2355,5.77,10.6,7.99,10.5,8.24,6.45,10.5,10.1,8.1,11.9,9.55,,,,60.4,-1.3,22.1,-5.23,4.26,2.6,7.03,,13.87,20.3,60.3,,49.9,8.26,14.4,16.4,25,21,29.1,25.1,,,
6509,聚和,41.4,4.41,4.7,4.3,3.81,4.13,3.6,4.2,4.13,3.36,3.44,5.68,,,,34,2.23,18.5,1.6,0.81,0.6,0.94,,2.35,4.92,48.7,,16.3,12,12.3,11.9,11.2,13.1,12.8,11.9,,0.49,22.5
6532,瑞耘,57.4,0.67,0.59,0.53,0.51,0.59,0.44,0.5,0.4,0.63,0.63,0.5,,,,36.5,6.38,22.2,2.26,1.29,-0.01,0.97,,2.25,23.7,64.5,,15.7,1.67,1.76,1.82,1.95,1.93,1.63,1.53,,0.13,-18.7
6538,倉和,69.5,1.63,1.61,1.38,0.93,0.96,1.08,1.22,1.07,1.02,1.04,0.9,,,,30.9,-1.12,-0.97,-11.9,1.03,0.42,0.02,,1.47,238,75.9,,14.5,5.36,6.97,5.73,4.02,4.23,3.92,3.22,,0,-56
6577,勁豐,76.6,1.78,1.65,1.67,1.7,1.61,1.66,1.66,1.73,1.75,1.94,1.88,,,,31.6,-4.78,17.5,-6.8,1.42,0.5,1.67,,3.59,30,90.5,,14.4,5.22,5.78,6.07,5.47,5.4,5.03,4.93,,1.8,-9.83
6579,研揚,114,8.2,7.09,6.53,7.4,7.13,7.78,8.14,6.99,6.91,8.7,7.56,,,,33.3,0.98,6.62,-0.9,2.07,-0.17,1.54,2.18,5.62,57.8,66.7,3.75,15.4,18,19.2,17.3,17.3,19.6,21,23.1,22.6,2.7,0.24
6581,鋼聯,111,1.86,2.42,2.76,1.2,1.82,1.99,1.15,2.35,0.74,2.73,1.07,,,,46.2,-6.59,32.6,-9.11,1.28,1.88,1.29,,4.45,9.95,,5.3,15.8,4.67,7.03,4.92,7.16,4.93,6.39,4.97,,,
6605,帝寶,139.5,18.4,17.3,17.6,15.3,13.9,13.9,16.2,16.1,16.3,18.1,16.3,,,,25.8,-6.89,11.7,-6.23,5.04,0.44,3.36,,8.84,24.6,47.4,,11.6,48.5,51,49.5,52.6,49.6,50.2,44.5,,3.72,2.7
6613,朋億*,195,6.48,5.44,5.96,9.04,7.87,5.89,6.68,7.05,8.91,10.8,6.41,,,,34.1,-2.84,25.6,3.62,2.99,1.99,5.16,,10.14,18.4,,10,10.4,22.5,23.7,27.5,30.2,21.5,20.4,20.4,,13.4,0.02
6629,泰金-KY,106,1.33,1.1,1.01,0.95,1.2,1.39,1.84,2.1,2.21,1.6,2.41,,,,26.5,-7.5,21.9,-3.28,2.69,-1.21,2.8,,4.28,26.1,135,1.997,11.3,4.22,3.56,4.96,3.45,4.01,3.08,4.43,,,
6651,全宇昕,100.5,1.34,1.46,1.38,1.28,1.19,1.12,1.26,1.21,1.19,1.06,1.47,,,,33.3,-1.9,16.6,-4.22,2.01,0.45,1.88,,4.35,27.2,,4,12.7,3.01,3.38,4.16,3.9,3.87,4.13,3.57,,0.01,8.92
6667,信紘科,269,4.77,4.88,4.83,6.7,5.76,4.74,6.15,4.75,6.39,5.63,4.66,,,,19.2,-1.8,10.6,-3.23,3.34,3.42,3.2,,9.96,8.36,88.2,,22.8,6.41,7.89,11.5,10.5,13.5,16.4,16.6,,7.97,74.7
6761,穩得,164,1.95,1.78,1.83,1.73,1.75,1.53,1.56,1.4,1.33,1.47,1.74,,,,38.4,4.02,16.2,-0.59,2.02,1.5,2,,5.51,10.9,77.6,,17.5,4.94,5.19,5.02,5.06,5.35,5.34,4.85,,0.01,-28.1
6768,志強-KY,100,25.2,20.1,18.6,14.1,13.6,11.2,16.6,19.4,16.7,13.4,15.3,,,,18.1,-4.02,5.07,-5.82,2.71,1.76,0.86,,5.32,13.4,75.8,,16.3,40.1,49.4,42.9,52,60.1,52.7,41.4,,,
6788,華景電,338,2.02,2.28,2.15,2.53,1.78,2.03,2.18,2.32,2.41,2.39,2.21,,,,57.2,0.92,30.8,-9.72,3.37,4.48,4.25,,12.09,15.2,69.7,,20.4,3.68,5.36,6.56,5.93,5.75,6.97,5.99,,3.6,-22.3
6805,富世達,1745,8.21,8.51,8.6,9.09,11.6,11.8,12.2,13.1,14.8,11.9,14,,,,27.7,3.6,22.2,3.27,5.2,4.82,10.02,,20.04,4.52,44.7,,65.4,17.1,17.2,19.9,27.7,22.5,26.2,35.7,,0,
6807,峰源-KY,46.45,4.63,4.04,3.67,2.7,2.76,3.13,4.02,3.64,3.43,3.59,3.2,,,,18.5,-0.79,6.25,-2.42,1.9,0.62,1.25,,3.77,27.6,50.7,,3.85,9.95,11.7,14,14.4,11.7,10.4,9.91,,0,
6811,宏碁資訊,203.5,7.87,7.12,4.41,14.1,7.64,6.61,7.75,6.8,5.35,11.4,14.9,,,,13.8,1.25,8.1,0.16,4.01,3.7,3.55,,11.25,3,73.1,,22.1,21.7,23.6,21.8,19.8,25.3,25.8,22,,16.5,-0.39
6863,永道-KY,108.5,4.12,3.59,2.46,3.18,2.62,2.46,3.13,2.75,3.33,4.56,4.04,,,,20.9,-7.51,5.47,-8.97,2.52,-0.43,0.86,,2.95,46.6,,1.5,28.3,9.01,11.7,11.5,13.9,11.5,9.23,8.21,,0.34,48.7
6894,衛司特,299.5,1.41,1.02,1.01,1.42,1.17,1.17,1.17,1.14,1.16,1.31,1.31,,,,40.8,6.72,30.5,5.28,2.61,2.31,3.23,,8.15,1.64,80,,22.8,2.22,2.11,2.44,3.03,3.22,3.45,3.51,,0.69,-23.3
6951,青新-創,74.8,0.59,0.59,0.67,0.63,0.67,0.79,1.05,0.86,0.85,0.83,0.74,,,,59,0.93,42.5,4.35,1.12,1.28,1.86,,4.26,0.45,78,,19.8,1.31,1.58,2.08,2.02,1.73,1.88,2.51,,0.61,-4.31
6967,汎瑋材料,68.6,1.12,1.18,1.1,1.16,1.28,1.32,1.26,1.35,1.08,1.48,1.3,,,,27.1,1.23,11,1.73,0.63,0.8,1.45,,2.87,7.33,83.1,,8.53,2.93,3.63,3.8,3.06,2.95,3.44,3.86,,0.02,-21.7
6996,力領科技,169,2.32,2.52,1.8,1.84,1.92,2.23,2.44,2.67,2.58,2.66,2.61,,,,41.4,4.08,19.3,3.83,2.4,2.43,2.92,,7.74,8.6,82.3,,10.4,6.82,7.79,7.84,7.24,6.24,6.17,6.58,,,
7714,創泓科技,149.5,1.72,1.6,1.24,1.3,1.34,1.77,1.5,1.67,1.42,2,1.43,,,,20.9,2.21,10.5,2.56,1.03,1.54,1.77,,4.34,-4.03,76.1,,28.5,2.28,3.11,2.93,4.13,4.22,4.14,4.61,,0.23,-50.9
8081,致新,242.5,7.32,7.8,7.74,6.94,7.62,7.28,7.26,6.93,6.8,6.71,7.87,,,,35.3,-6.05,15.9,-7.7,4.81,3.69,4.54,,13.05,24.2,89.3,,11.5,19.4,20.6,22.8,19.8,21.6,22.5,22.2,,1.62,3.88
8086,宏捷科,126,2.92,3,3.23,3.51,3.54,3.75,3.89,4.11,4.2,4.23,4.17,,,,28.2,4.35,19.9,3.62,0.42,0.5,1.11,,2.03,15.1,44.9,,49,12.9,13.1,11,7.6,7.72,9.74,11.2,,1.01,43.5
8103,瀚荃,100.5,2.65,3.06,2.86,2.59,2.94,2.66,3.14,2.65,2.95,3.32,3.63,,,,38.3,0.87,16,-0.49,0.73,0.43,1.35,,2.47,12.2,72.3,,12.7,6.73,8.03,8.83,8.29,7.38,8.51,8.74,,,
8182,加高,28.6,2.53,2.25,2.3,2.36,2.33,2.31,2.7,2.49,2.71,2.35,2.37,,,,10,-1.9,-0.94,-1.23,0.52,-0.82,0.34,,0.04,116,82,,13.7,6.86,7.2,7.87,7.41,6.91,6.91,7.35,,,
8255,朋程,129,7.41,7.69,7,6.95,6.58,6.15,7.14,6.83,5.5,6.06,6.5,,,,24.1,-3.42,3.84,-6.95,2.32,0.38,1.95,,4.64,65.4,50.8,,27.7,17.6,19.2,19.8,19.2,21.2,21.6,19.9,,,
8358,金居,286.5,6.03,6.63,6.66,6.71,6.51,6.61,6.71,7.01,7.16,7.51,8.2,,,,20.5,1.68,17,1.13,1.05,0.66,1,,2.71,-6.99,41.1,,21.3,15.1,18.2,17.9,17.1,17.3,20,19.9,,,
8383,千附,41.6,2.68,2.55,2.69,2.21,2.8,2.95,2.55,2.77,3.06,3.89,3.12,,,,25.2,-0.31,11,-1.92,0.7,0.39,0.81,,1.89,31.4,71.4,,15.8,6.13,7,7.36,9.18,8.13,7.45,8.29,,2.02,20.3
8390,金益鼎,102.5,3.96,4.51,4.65,3.86,3.12,3.27,3.51,4.2,4.51,3.66,5.42,,,,19.5,-0.37,13.8,-0.5,1.22,1.52,2.37,,5.11,47.2,51.7,,12.9,9.43,13.2,14.4,12.4,11.1,13,9.9,,,
8422,可寧衛*,33.4,4.92,4.39,4.25,4.05,3.58,3.4,3.58,3.43,3.13,3.46,3.31,,,,48.7,-10.9,34.6,-13.8,3.97,4.03,2.48,,10.47,-3.06,92.9,,17,12.8,14.5,11.4,13,14.6,12.7,10.6,,,
8432,東生華,55,0.94,0.85,0.94,0.9,0.85,0.95,2.43,1.42,1.18,1.06,1.07,,,,47.8,-7.45,19.9,1.85,0.79,0.68,1.53,,3.01,8.41,71.9,,27.8,2,2.36,3.89,2.91,2.87,2.69,4.23,,0.02,-52.8
8473,山林水,38,5.95,2.87,3.25,3.42,3.1,3.41,8.3,4.41,4.99,5.8,3.78,,,,16.9,-12.3,12.2,-8.88,0.92,0.59,0.54,,2.05,-22.7,74.7,,93.2,7.45,6.7,7.98,11.7,11.7,9.53,14.8,,2.26,-9.03
8938,明安,68.2,15.2,13.2,11,9.05,9.46,8.62,9.94,13.6,16.8,16.8,17.2,,,,16.3,3.9,4.55,2.32,4.35,-2.15,1.37,,3.56,52.7,54.4,,9.68,37.8,31.4,28.8,43.9,45.5,33.3,28,,,
9914,美利達,74,28.9,25.6,19.3,25.2,24.8,24.7,22.7,16.7,16.6,16,13.9,,,,13.7,-5.14,5.89,-4.19,1.4,1.32,2.09,,4.81,44.8,-171,,24,58.5,93.2,86.6,58,75.7,70,72.2,,0.68,-18.7
9939,宏全,123.5,26.7,24.5,26,26.4,28.3,26.5,24.5,20.4,19.1,20.2,23.6,,,,24.1,1.81,14.6,0.53,2.33,2.32,2.94,,7.6,-2.19,63.3,,14.2,64.8,75,78.9,65.4,72.8,76.9,79.3,,,
